Id,Lasso Model,Ridge Model,Linear Model
1461,115936.67114683357,115992.8246089617,115926.59460148809
1462,151035.00668993173,151008.34503057355,151030.342499107
1463,171990.22766572726,172019.86429387738,171983.9774337638
1464,198522.52879084973,198536.51451547572,198518.88320839324
1465,194968.14079063293,194959.2564479179,194967.62194487813
1466,181129.92985968152,181129.71353576414,181130.4954980138
1467,198664.14098960976,198654.1109003321,198666.2698472693
1468,171001.24084641156,170992.1898322479,171002.94888791128
1469,206148.52627933235,206152.2733023794,206145.0964822293
1470,112759.63299297611,112762.8587803418,112759.02095325419
1471,204333.51421382092,204327.14800766006,204334.83640278073
1472,117868.12265760219,117873.56237362383,117862.95281402336
1473,98481.9582483652,98488.61610761809,98476.81802260119
1474,149270.14781076787,149258.8326605492,149269.21100256254
1475,117663.26593096205,117673.00893939182,117658.62414582202
1476,312114.12079313607,312086.13011329586,312117.13829327596
1477,245168.63480687374,245164.59243248717,245167.67782336532
1478,290164.16627606703,290160.6431599221,290163.33073575946
1479,270181.6543172628,270160.54931523383,270185.2866942157
1480,402589.854219486,402580.7091348398,402589.1702421472
1481,291827.28949988005,291809.6928158804,291828.10999374406
1482,215715.27673970582,215704.3765769113,215717.18610756972
1483,176147.37550864462,176142.33481627202,176148.25047012942
1484,173993.40726715932,173970.35777316277,173997.119075223
1485,196611.25250098645,196579.97308078653,196616.45310215198
1486,208587.71977626742,208594.27914342622,208586.42784219456
1487,284078.3402802297,284121.7837818748,284068.61936826806
1488,257078.3247289334,257085.99763863243,257077.8722357481
1489,183551.94655109453,183584.17357635347,183546.91396742256
1490,229784.4009269774,229790.41310312704,229785.54685623
1491,210524.1945212027,210515.14249309537,210524.19820841646
1492,87300.56653537625,87301.05114408478,87298.58044827578
1493,216316.03387345048,216317.23912190238,216318.81326565065
1494,288070.1868953374,288057.4259197175,288070.3530757938
1495,275952.97772127297,275950.5946877125,275949.4320034875
1496,221776.56056912453,221766.9545532685,221778.48764559778
1497,168659.7505140123,168691.0516726066,168651.9129011879
1498,155037.31651989534,155047.39672303817,155032.2172652575
1499,161749.1913786626,161736.69083765254,161750.24942468957
1500,153369.20598402666,153356.60940159007,153370.90330740775
1501,199403.68732423452,199371.3173466531,199409.1516680488
1502,141526.92149396287,141526.79804067162,141523.26645183994
1503,275550.565855491,275568.38523596374,275544.62362789887
1504,246127.04448704887,246133.1016485548,246126.5367862928
1505,224420.67614426184,224434.2230132952,224419.8510720051
1506,205080.83064003056,205036.03905266558,205088.47391730512
1507,248545.03500417923,248557.67643223994,248543.31608547748
1508,204225.39489882882,204215.18924692052,204240.14301747165
1509,152706.5033937972,152706.5085379175,152697.16001015448
1510,144658.2548296079,144638.8518421139,144657.62330100115
1511,144944.36296883062,144932.10600962595,144944.5083820807
1512,188916.18160269153,188891.23468982673,188921.32837921137
1513,165176.50979661942,165131.65075974923,165183.67041240248
1514,151038.72035472724,151111.58992124337,151028.91544484894
1515,225819.06112587126,225814.93577682239,225820.9128783428
1516,168943.98190018837,168925.5728626185,168948.71824910294
1517,173883.02940143342,173891.36796142382,173882.12651924987
1518,122202.3034972956,122280.65602906921,122190.92880999565
1519,245535.09969891328,245541.6241187217,245533.82661250595
1520,128423.53899779031,128417.05104082811,128423.2310343933
1521,121872.99241004745,121890.17696162069,121866.24592229363
1522,201280.62640296295,201267.9408671601,201280.12243748887
1523,84196.5088529978,84210.6917675772,84193.94221874059
1524,112211.52274105651,112210.50728925236,112219.75115756888
1525,100732.5261550683,100752.20464763895,100726.24862755917
1526,87828.83210389595,87779.66094835696,87835.31576013297
1527,92915.6818175714,92908.88515361224,92925.18738232285
1528,154209.40749363275,154229.73983308778,154204.63873354776
1529,126303.8299995996,126304.09441790998,126296.92798438657
1530,235713.9872992041,235706.20257170952,235715.73907835747
1531,148391.1923542139,148338.4276571857,148405.32345152565
1532,108079.36039443058,108058.18624515773,108085.60346909182
1533,148398.6702782584,148372.32263081998,148410.87227474095
1534,128805.21890946035,128816.60652771627,128801.6567543064
1535,155082.52275244938,155116.88366308145,155075.6773435754
1536,105034.61058454425,105035.8394197725,105032.32717472373
1537,25556.900454747723,25571.33662419708,25555.335939522018
1538,186049.46869198303,186035.66849740676,186050.9877483711
1539,230870.4172476232,230827.83912244893,230878.29435505986
1540,105665.28266299283,105684.81872375694,105664.43689504999
1541,154358.3729900436,154352.6027929607,154354.0683797876
1542,139186.48413806572,139215.60155053425,139176.3280870641
1543,194877.94405157515,194889.8473696526,194870.99226389627
1544,74858.23043534067,74827.23517067579,74865.09498597041
1545,133463.50079061557,133441.6206339941,133468.48827615043
1546,136224.50368330837,136215.20504306618,136233.836537731
1547,142796.6734051588,142808.15285485715,142794.03140831983
1548,138869.74421825982,138885.00653077278,138863.08744192414
1549,123703.48889324814,123719.01689952088,123700.26757265197
1550,122795.38511896948,122780.48864849389,122798.62000014947
1551,131943.23729399662,131932.90538601286,131944.77510671678
1552,128604.83195236628,128602.79087621893,128603.29877610214
1553,155028.71715646447,155038.15849881002,155022.65625649306
1554,124698.18063797336,124683.58207170374,124708.84483011055
1555,167305.14909624285,167301.67665064766,167308.0620509124
1556,75886.96778791933,75873.96051748854,75883.88262507983
1557,85446.81100040907,85404.89357769035,85449.85645135224
1558,91973.92082148558,91979.7260261908,91969.91783793096
1559,66228.22005525976,66228.43007118895,66222.31636273384
1560,125742.07710995967,125774.35832859261,125742.38110138976
1561,122403.34010650055,122455.42101283267,122399.70650901564
1562,117081.10962851602,117108.80424572679,117076.18507235602
1563,117199.40028324677,117206.95849076507,117197.75063489901
1564,151324.31590186083,151347.05509866576,151320.240224647
1565,132771.7287214736,132803.15199621452,132764.10038958734
1566,244859.89906372898,244906.30123717536,244850.40888495545
1567,58717.022767624585,58692.13282741874,58718.89895705308
1568,224265.259972465,224266.07027552126,224264.06889620598
1569,91083.0948908045,91089.09512604459,91092.56645994016
1570,144953.03867555223,144964.22980145586,144952.04900909367
1571,110665.64658143069,110665.06026824971,110665.48032523983
1572,139793.07348613115,139818.33118750888,139786.84701091994
1573,252886.88543457375,252924.88073709107,252882.33880870498
1574,117583.36823889264,117573.87706334947,117583.65103430313
1575,242664.2363004717,242698.12213262974,242656.48730878893
1576,245604.52999811945,245588.81406986376,245615.4642583056
1577,198192.65740945982,198200.21568229317,198192.56842152833
1578,146452.681169654,146419.96379447717,146457.88325799291
1579,132925.40380253852,132933.22405502351,132922.39295306487
1580,208041.10032981122,208040.44321763178,208040.62384510867
1581,142087.0415225916,142120.66017304815,142077.75370736385
1582,121886.85040242248,121873.68315848324,121888.74881561042
1583,306590.53835592745,306587.16838803457,306586.70645382244
1584,227910.402469381,227925.9891855555,227907.4254692417
1585,155184.35661615035,155165.04084657796,155186.91578337958
1586,45692.79408520833,45695.52306709986,45691.817828191095
1587,96160.67722077342,96160.69768048881,96159.21258639835
1588,147766.43649091106,147780.9019711482,147762.59537574684
1589,98720.41039565601,98701.87291320588,98723.11519262136
1590,134680.16682026326,134686.93740392162,134679.1016790968
1591,64403.587462668074,64415.73404857644,64400.92950157507
1592,133788.17531166575,133777.48432353057,133791.5889567897
1593,136104.56089758198,136072.77522280847,136111.37264336098
1594,123980.9028376725,124087.19711906498,123970.33584718418
1595,112986.49371445202,112963.22984623641,112993.06901568954
1596,220736.1787189874,220749.43306769675,220732.77881524514
1597,173340.54102984047,173424.6898512902,173326.28894165892
1598,203149.56902541989,203125.98862891633,203151.23482384032
1599,197635.11873336532,197637.21268565895,197634.35915432766
1600,184548.41362586175,184543.52899562742,184549.10607609258
1601,25346.27365592704,25334.805117416545,25349.446236559306
1602,121335.72883309214,121375.81279206008,121327.20893432933
1603,55594.615294091636,55592.5049316677,55592.67916332919
1604,257198.55056154449,257188.47783374798,257208.70237082185
1605,260338.3904401965,260307.68261640437,260343.38826280332
1606,175031.9821796615,175014.5568617374,175044.02544559434
1607,172605.3713741817,172698.4791162979,172592.39806365722
1608,221474.46041588555,221446.4901925217,221481.66206908913
1609,195910.26192744775,195907.01901950443,195911.94021745806
1610,151954.9443599272,151943.23398019478,151955.76007935998
1611,157352.67220302392,157309.30919265433,157362.56416724867
1612,164687.4261985917,164688.01062842167,164688.87801008078
1613,170657.04670119542,170676.7579767158,170656.4990042044
1614,128524.54942939221,128507.2497628202,128538.06804861396
1615,60811.286531988066,60831.17338653619,60804.924012121395
1616,40376.04535269644,40388.17395736778,40369.84036558925
1617,63568.44871458737,63585.065051864716,63561.44465312117
1618,110249.94379108399,110295.68738702626,110240.09180854645
1619,148702.71041273186,148702.25796953763,148703.41527130862
1620,175660.04869924486,175729.13593965967,175651.7431331739
1621,132187.7005633365,132219.4418003444,132178.4648050227
1622,129249.39594264748,129269.90919932013,129245.28833076532
1623,264189.44093286665,264197.1885014182,264195.10506817175
1624,210349.14173662593,210357.79921015434,210348.27087756514
1625,118578.40146688279,118603.92524137872,118571.4350680412
1626,194952.40808918397,194935.93391576747,194956.51269681298
1627,193000.3308623447,193015.33357105392,192995.7806863723
1628,279533.0981414872,279539.56482808746,279528.4456853826
1629,193343.87803830975,193333.3299729313,193343.08251547522
1630,324537.66993493005,324511.9497304192,324539.10774197045
1631,215703.83447702974,215669.19016068184,215708.6526571653
1632,234893.70123013272,234854.47077283997,234898.08787746995
1633,186341.59438906144,186337.287861348,186340.96323101514
1634,195041.3673873574,195019.78255202633,195046.06732825737
1635,186431.66268358636,186408.12149590824,186437.19827624306
1636,164129.48938172986,164125.08827493025,164131.32676505682
1637,197427.5124072791,197426.35896035412,197431.16411511565
1638,220528.20179901877,220531.37138301937,220526.3560611474
1639,204414.52607861557,204408.60133377684,204415.4607933982
1640,270277.9787569742,270279.5209758744,270274.4972543287
1641,200814.3053875803,200814.7472044014,200812.61351305258
1642,227145.8333496442,227146.17801269132,227146.81631319888
1643,228326.34728734638,228343.6979543498,228323.11710965948
1644,233110.37861221936,233136.25235103827,233103.47116742365
1645,234740.23008922348,234739.030798616,234744.82031477813
1646,177472.4549779473,177454.0179631292,177478.61000130174
1647,172741.87939501368,172753.6944694874,172738.52893777925
1648,133299.132823257,133282.44438590633,133298.7417096576
1649,134918.85117311892,134910.941389704,134918.32076668658
1650,113898.18199443794,113900.34269593458,113897.88150223566
1651,108395.66118571046,108430.96896644111,108388.50719570008
1652,123050.77773015131,123026.10009813064,123052.79322150687
1653,122892.94436978828,122871.88413736492,122894.51081353833
1654,151074.33680559904,151050.87886857975,151076.17515976785
1655,150024.45520421257,150012.20842255338,150033.90412974765
1656,140853.7175350641,140840.49955299043,140853.6948923139
1657,154374.27234286978,154338.01470011834,154388.2660866432
1658,143934.26496992144,143922.76175976533,143934.205414669
1659,134345.6077825306,134345.52872519393,134351.26816510002
1660,143059.27073822054,143094.22864021582,143061.4087962195
1661,376322.83509280253,376306.78739115375,376328.1950296407
1662,327575.57764631114,327582.697463469,327573.3512968997
1663,325761.75869949977,325772.06956695707,325758.9100144928
1664,422817.20276607317,422794.4055917595,422818.218650987
1665,285902.6008523172,285911.54865381715,285900.1057703182
1666,290599.42890317366,290616.7368120592,290597.65693602
1667,307347.9592840895,307343.22707714315,307344.9085426106
1668,306310.5119455722,306305.97940541187,306311.33670806733
1669,290015.420169811,290001.91072280833,290018.1165465588
1670,307805.28399151587,307806.95793876343,307804.33715320786
1671,267459.0026448916,267457.86518905766,267460.3620800328
1672,384525.5456882098,384480.4619569335,384533.1778819297
1673,284736.41038117465,284706.3274737726,284743.02137397614
1674,255734.4654407869,255757.5566579214,255730.40193133766
1675,191566.69243132416,191570.53772389155,191565.62632774154
1676,199063.0171145096,199057.4502523205,199067.7798634892
1677,217616.88994883373,217592.90618690324,217622.35821807117
1678,400799.73050065106,400811.398772881,400792.3777674561
1679,324787.4377526061,324764.50856724486,324786.39341065113
1680,287596.8127847663,287596.5983761969,287596.71548317873
1681,250275.3889872725,250273.33162287145,250275.64401091554
1682,287507.7446262606,287479.0506649235,287511.7556250844
1683,197177.21569902683,197161.14102507278,197180.12880157784
1684,200268.72649886855,200255.4813032489,200271.0241361364
1685,177684.76019259728,177683.22410624835,177685.4572667979
1686,177596.1573923619,177585.09252292418,177598.2670931985
1687,178341.28201857395,178343.6295072731,178338.92868448503
1688,209686.13566018827,209690.08615721238,209684.862870857
1689,206691.48744316725,206699.04062012315,206689.56307091506
1690,213340.54742269893,213309.67437913374,213346.74609184905
1691,200888.64060462965,200866.5067878618,200893.51813841087
1692,261163.0662347111,261145.11998316937,261165.15520532883
1693,179360.80213886034,179348.81221324473,179359.2450543145
1694,192323.80483901012,192306.34931533027,192328.00419984467
1695,180461.34141074913,180448.9009629375,180462.62623773993
1696,274816.0099959152,274809.525164385,274815.6749719478
1697,184755.45893225027,184741.62714199082,184756.993214273
1698,322923.17576015973,322917.82571110816,322923.7207322294
1699,302533.04425078025,302547.0112939599,302530.7751695324
1700,253086.58294861158,253106.942094067,253083.23855681124
1701,280807.4214038665,280804.9973543078,280807.82672606467
1702,255365.576912869,255375.05562814826,255362.26864872302
1703,258175.8907614965,258169.27294217923,258173.54443247302
1704,279431.5477699139,279433.22030390974,279431.5397111081
1705,240129.7252339176,240141.97646069212,240126.8350568692
1706,373795.46489442815,373785.3200020798,373795.91666993394
1707,199491.10275454656,199497.51862940763,199488.93211313628
1708,205299.49345647404,205312.08003884496,205297.46537094365
1709,264124.3825092658,264143.1544508609,264121.2289791858
1710,234368.14351239172,234389.44127810595,234366.49813907302
1711,265913.6449837445,265896.4426820766,265916.61680271465
1712,261572.67766413395,261569.49503731623,261573.4275144349
1713,262221.0494896618,262205.0292753939,262224.24849954306
1714,223213.12805715087,223223.42503595666,223210.1713590076
1715,204231.6902180463,204237.5574913585,204230.99583852
1716,183470.92520660767,183499.71165924484,183461.34261404013
1717,188888.11408917443,188883.93456840108,188885.26875245536
1718,128261.73441581102,128307.8534076208,128248.92271343863
1719,212883.94631176512,212875.94074359804,212884.61584557837
1720,245675.77005088935,245710.78385206603,245666.07822084532
1721,179935.76701667975,179969.23269467277,179924.52745549276
1722,115888.73515637638,115923.94950226333,115878.82617688796
1723,161876.67029714677,161876.4283106745,161878.599869097
1724,223570.04930197005,223565.43388057256,223571.69695769215
1725,237939.14184029168,237947.70059536712,237938.8810233766
1726,185164.04551371722,185181.8159460813,185158.81683577585
1727,152710.2679391813,152696.0877187209,152712.79850402067
1728,192814.28933325782,192803.5802513716,192814.33660639275
1729,169108.17911913944,169106.6703717868,169106.76616006845
1730,166614.1865082006,166738.59716513788,166600.09268440108
1731,115137.74634421687,115120.01779536868,115138.20114558854
1732,118180.39605880575,118192.84250841371,118178.75954035867
1733,108513.547422098,108547.26850434614,108505.69015542057
1734,111112.04025721736,111124.21746558754,111109.56519260712
1735,128847.57231547055,128844.47916626802,128848.2667122347
1736,103861.41117878654,103855.97572916129,103869.25099003327
1737,325459.06550651253,325480.4122091747,325456.2495959512
1738,243802.18810413638,243819.82068248268,243807.27912431548
1739,273983.174635194,273967.50346445537,273985.4695365069
1740,197892.76824546326,197890.1234762132,197892.9895793203
1741,188988.53384076734,188996.59663145768,188985.84387168346
1742,176857.28477686387,176840.35831295757,176859.18262939004
1743,181294.5794639124,181270.81063248764,181296.24863034545
1744,299870.46408728836,299907.5496342181,299864.6549238259
1745,221141.52703845827,221136.09367619327,221136.5761840787
1746,223064.36938929814,223090.0298857902,223055.2969560983
1747,226443.81020625937,226482.37317419553,226436.62427924096
1748,228990.76293787966,229015.60010265384,228985.60160790326
1749,158675.9663263131,158663.43082896702,158687.73492641153
1750,153222.67230637744,153235.29072958243,153218.13190341543
1751,254848.4222726866,254890.3254863388,254834.505259222
1752,112547.15556393145,112550.8339952958,112555.07408905297
1753,153332.6447389701,153314.24653228896,153330.90499285457
1754,230648.75427066907,230642.4431127346,230656.9841918709
1755,171762.00580468425,171755.39416431228,171770.95805850544
1756,131733.04773202701,131714.97267057362,131738.6218644107
1757,98757.5044998941,98775.65385191923,98752.54005565087
1758,149237.49490186968,149216.49121092877,149241.63240356895
1759,179596.0348100704,179559.30686664383,179603.9391078545
1760,168139.98212563433,168155.74258157157,168135.65144945437
1761,161443.2327923982,161440.6076466582,161442.50762649474
1762,170235.82780956384,170260.47866195266,170232.13729304995
1763,170731.8274933803,170689.89209409698,170735.92102274892
1764,109491.14124835841,109475.08737695415,109495.67703181168
1765,198676.06509497343,198679.59243924904,198673.1492874202
1766,203641.9389904507,203629.81160483754,203645.55542363448
1767,249188.08724621916,249208.5829755665,249188.34493607713
1768,143842.1486337511,143834.02031287376,143843.1821544472
1769,182339.14163868385,182365.24317607924,182330.12004840293
1770,158345.0091250406,158331.71967120573,158348.99855565873
1771,115789.10141086462,115788.02896544302,115795.38713048853
1772,128218.44934804994,128225.21241905016,128223.49323992862
1773,110257.70367309242,110267.51816518174,110258.83189389564
1774,152977.69953336008,153047.8597563064,152966.13042612828
1775,143674.27132979291,143657.1846666179,143677.72610000812
1776,130940.7330876342,130931.46747501788,130938.96953842777
1777,98189.88490732946,98169.95776118978,98192.99711954
1778,141822.97582403733,141823.84370157507,141823.2086114284
1779,118747.25623413012,118751.21541922505,118742.135128467
1780,190362.22545250575,190354.9327695571,190359.38468596071
1781,117948.15857897769,117948.81744339259,117945.29319466802
1782,50012.08818247984,50032.37702951173,50009.64963158325
1783,130488.88454631134,130493.76739695284,130498.4238811211
1784,87648.868802591,87634.95936669444,87651.05504782905
1785,110623.18486254523,110601.88675275713,110624.6731007701
1786,141041.18220527982,141050.9839251606,141042.83240996685
1787,171013.72900833166,171024.77009133005,171009.8409792214
1788,12014.522228148067,11985.665300936555,12023.610303336638
1789,98046.8491073018,98032.51949633996,98048.08826897515
1790,40797.34718511836,40784.77623181825,40795.51110542391
1791,208557.44836122892,208644.0434156499,208539.91826298682
1792,172198.1880166561,172217.59989252745,172189.97518235922
1793,152644.92408190365,152640.65770486475,152645.03142240213
1794,178444.574197595,178419.63395723642,178448.8165420181
1795,129912.84137654002,129932.79685001017,129906.41111917759
1796,130510.80128313578,130524.20169283228,130508.29607200937
1797,137610.4272640301,137657.54027286882,137599.32402492862
1798,104456.11314015347,104456.46119772096,104455.61573896918
1799,103666.5502192704,103654.56780315482,103669.04112042033
1800,104803.69957494899,104772.04473913519,104806.81807792804
1801,100872.2907519301,100899.20460924611,100869.42365070747
1802,153976.39533900796,154002.42288775288,153968.80912258232
1803,169500.2633771568,169490.9282585067,169497.2883370145
1804,133618.19238760346,133612.7849299017,133617.89120397496
1805,145932.82132070465,145928.18598760583,145934.56004998984
1806,136320.76242570765,136324.69165558217,136318.2932861786
1807,171333.1815748089,171337.01950892026,171336.58948684193
1808,118014.50426460849,117996.38887612254,118011.68589999818
1809,116372.64392675715,116352.3224014925,116378.36327287287
1810,141157.7457565074,141141.10051327397,141156.79761136847
1811,58775.85256876587,58838.646936121746,58767.277988590184
1812,96877.81294611027,96878.57840551308,96876.53902084788
1813,116096.93983354187,116115.24241603946,116090.60082065372
1814,76754.22286416078,76709.12298026134,76759.82485174655
1815,16055.33100861311,16042.611268214998,16058.3436116901
1816,93087.94535135804,93071.54383356625,93091.2819381078
1817,97476.16913348506,97447.75952208613,97482.56934927136
1818,156301.86636597384,156261.25682807982,156309.88951757725
1819,122943.85700304713,122948.09974302922,122944.79884447705
1820,41768.34931283863,41754.86941653385,41771.187085790676
1821,112637.77492700121,112638.7090417546,112634.17954283289
1822,155304.25088551454,155277.4040780993,155304.70293800638
1823,16738.713064155076,16714.095842864714,16741.08761692571
1824,134066.1109636207,134056.49018271232,134064.68061294162
1825,136467.18443725468,136460.64722470345,136470.84048215917
1826,96491.55461196532,96490.45235306548,96489.33970744105
1827,98563.5479913922,98569.42364214838,98561.10131835297
1828,134508.82636948512,134512.76986105286,134511.05062119255
1829,152378.8797715765,152301.69570871547,152390.78260120156
1830,158586.5734106605,158539.89400314807,158595.13138817681
1831,183350.13196124765,183307.06159785774,183355.8594740188
1832,108432.84511477011,108491.92286768078,108426.08476952056
1833,156109.06819960847,156069.06517790386,156115.87082284328
1834,125536.38175060088,125546.55537702388,125533.23594597157
1835,122247.84083739156,122231.64366326353,122243.00511045766
1836,125792.99209039123,125822.6135968893,125784.88531981024
1837,88141.22419095808,88095.58165341138,88150.41234524327
1838,114431.83444174263,114389.55792798393,114434.9645327091
1839,83352.24848513445,83352.08140043856,83362.20697869698
1840,147386.15120206168,147322.7971618859,147404.27383227798
1841,134737.99674990005,134796.75922556396,134734.3723904345
1842,78313.49072599295,78271.51981639501,78322.3449572277
1843,123926.47200603923,123986.73198376212,123914.86765789299
1844,126812.3697421737,126812.96308567666,126818.42224758945
1845,131802.7380060181,131813.28589287552,131803.20057861495
1846,147077.71002195193,147062.03001872927,147087.4235982796
1847,163225.71248721192,163188.0978335837,163234.52123338252
1848,644.6537950683851,639.8163655860117,645.7850158513756
1849,121682.08277512668,121653.84044862015,121683.71776517911
1850,118408.89604499587,118392.02900294506,118413.55021511379
1851,147274.45948682842,147286.5537757423,147269.31759821798
1852,123311.21566702984,123306.99463789037,123313.45974816952
1853,123497.52578883013,123475.92640862602,123503.34500125411
1854,182305.53249115287,182288.37721467426,182304.11836578895
1855,154268.79229601263,154281.5446910864,154259.97440733982
1856,238655.39182648272,238637.0012208611,238659.139792096
1857,130763.3507990141,130758.40827019291,130759.01604164217
1858,129002.7690386225,129151.54013458441,128978.65219984634
1859,114866.44181381026,114934.63296720979,114854.36949332629
1860,155282.27477534,155397.921295178,155262.33955065615
1861,113780.31894560414,113848.53996774962,113768.31019187055
1862,280961.13471350935,281031.2026315647,280954.3753175965
1863,279282.6460315129,279352.2887455964,279276.0815229282
1864,279297.41727697174,279367.06635872123,279290.8507033159
1865,315357.2010360607,315365.4179708251,315353.0442878773
1866,310512.1398868223,310505.3143908138,310512.2955476636
1867,235120.7617979464,235148.2658634578,235116.35080190573
1868,289067.0638849458,289087.17772159853,289065.3884180841
1869,224202.8770359303,224213.383470551,224204.36273588974
1870,245295.03032206255,245290.96680311707,245295.86523111805
1871,243140.49847814953,243148.7573295388,243139.8276257614
1872,173468.67195289512,173468.73355229862,173469.21357623127
1873,229288.87373914733,229289.8744121791,229289.66576583043
1874,144154.1039467752,144191.75315450702,144148.0640160794
1875,210291.94314623973,210297.18563046108,210289.11279413837
1876,209690.122897784,209684.53878570825,209693.0982314496
1877,223345.81052851467,223356.37003075227,223343.16682008922
1878,216840.52871134528,216866.12074973097,216837.4687285371
1879,111218.81148277014,111261.26985293243,111208.79345764464
1880,145164.03789939662,145144.72786809772,145167.5884162035
1881,240509.42706998717,240549.3468393233,240501.45924174774
1882,252590.03228581045,252618.8130973942,252583.99091210926
1883,196979.96961507155,196994.8840571748,196974.94515497552
1884,208677.29972963897,208706.44705714297,208670.42226003658
1885,258498.7384458133,258506.63435682037,258497.5728581465
1886,278099.15280059073,278107.34277723555,278097.06115927023
1887,235103.74993834994,235097.43185422814,235105.9611358639
1888,283732.6695273577,283739.29912365426,283731.8780276837
1889,168038.6068177137,168052.8542855353,168036.62900705554
1890,113008.41780074243,113008.9176050279,113010.31734676904
1891,142809.4158934059,142791.247659339,142810.24118179863
1892,71112.76427395549,71139.11141522287,71107.01850158989
1893,135794.3245503034,135776.85472741455,135794.58476353774
1894,102114.38088680431,102199.81598756427,102100.59027125
1895,159478.00842989795,159474.97920650535,159478.0581203507
1896,118434.87791773234,118458.04633216013,118431.55819145555
1897,112108.92087127571,112119.85942506616,112104.53578785283
1898,117927.3404291533,117930.39788025327,117924.07859013823
1899,142943.96757278265,142938.96861037437,142941.67374092166
1900,148563.0802013846,148575.5320319325,148560.4855344746
1901,165584.66051124153,165565.97599055956,165590.11096465087
1902,142824.95265909773,142855.76314105617,142816.12869601173
1903,214230.8083531058,214283.52937130688,214224.4465038894
1904,130638.56278918707,130628.56676190824,130642.4094979727
1905,191881.51497322903,191854.73204999452,191888.0800347597
1906,158393.46345120762,158383.37440234458,158398.92041104415
1907,207894.74715862004,207901.49900853692,207890.2866014497
1908,128906.62716334267,128910.6360580445,128906.40240439994
1909,149915.89199198037,149904.86475612584,149916.0320224081
1910,133932.6864825096,133935.93628460646,133929.70601072896
1911,215546.61780614336,215536.47784196504,215548.44911878265
1912,289171.8111279921,289178.77952078555,289171.5374243733
1913,165961.39412173722,165938.9807799944,165964.27935810352
1914,48543.10774103948,48532.50577261683,48544.773636808735
1915,255293.2620957403,255285.79892021965,255302.53556474147
1916,25099.680016713217,25071.034484584,25104.509188180673
1917,258178.66130777588,258190.42886708083,258173.85615719913
1918,146994.5730541388,147002.7230243144,146994.45201169874
1919,188925.89864315,188930.80747926666,188922.84092856303
1920,178241.48838775023,178226.7114698448,178247.99845378462
1921,334067.4947620756,334050.294912306,334068.51764805696
1922,294358.2743809128,294356.5108542723,294357.1888715456
1923,226860.5882226883,226862.03496899654,226858.78771080484
1924,227897.15537712,227860.1713351711,227902.65536032908
1925,227724.3228851233,227708.0840069527,227726.24259174976
1926,335097.3872522041,335108.33541765495,335094.5223214958
1927,128321.4915907986,128349.50445527502,128315.7119623454
1928,164911.5175439783,164910.66770331294,164912.43894585723
1929,111409.46651500626,111423.05518376466,111415.204960795
1930,135206.0281410825,135224.71533227165,135208.75131382735
1931,138864.83460423094,138881.15164422838,138864.2275993704
1932,136864.12320518075,136884.00774631847,136856.56649374904
1933,155246.67660924303,155328.03251121996,155231.69072080508
1934,186186.77276799036,186199.43476301443,186184.08873502433
1935,182353.0125942363,182360.36008635175,182351.13451119268
1936,187358.458412203,187370.9487907953,187353.47866609704
1937,188187.59117006883,188184.84106749657,188187.25876016484
1938,176895.49691281188,176857.46390208963,176903.5697299136
1939,241207.44592256285,241181.64343256492,241208.40686442016
1940,193344.73399748676,193331.7921346362,193345.20770579285
1941,182102.93807256757,182102.87751574127,182103.9329936629
1942,199142.1910400861,199110.72813796264,199147.3421868143
1943,204601.2657247465,204568.84171796532,204608.8076024478
1944,276963.9770906281,276956.50306369865,276965.2780725121
1945,327524.5695459198,327506.6367894177,327526.41967047646
1946,162008.7902485421,162006.79725854343,162008.5704908172
1947,273552.2973672913,273541.7449395213,273553.46047221974
1948,175025.28508472373,175032.55461089744,175021.8168454027
1949,253538.67110600835,253528.86091167026,253542.93241151085
1950,211053.7306374875,211042.34511481563,211056.73575602297
1951,274982.43146946724,274986.94639541546,274982.73664120154
1952,236429.18585418793,236449.69652683975,236433.13017964957
1953,197083.48935745726,197065.59586934152,197088.04954514548
1954,222518.74411992263,222513.47525708878,222518.98977804964
1955,130800.72094432684,130792.55560681492,130798.89398741617
1956,308921.8777342618,308957.8660634203,308924.7364486187
1957,178047.86648751493,178039.20445749385,178051.98479792906
1958,303374.01180829736,303378.5899480601,303372.3519851529
1959,131562.22902022325,131658.731191625,131544.81237742922
1960,93679.9553472288,93702.67588143551,93675.96608541801
1961,113003.35403673397,113006.98876718304,113002.74654056493
1962,115068.73109699064,115063.54750179232,115075.29328537348
1963,128013.43000222277,128038.01653208688,128005.28020501893
1964,107644.26495312946,107633.9953474981,107643.31698908715
1965,134624.9317274792,134608.61080589832,134623.39248935215
1966,150365.04238456232,150350.15325540036,150365.4905056808
1967,272617.83026384097,272617.845010328,272617.73755584576
1968,344626.5408128253,344622.13646648324,344620.02861501917
1969,334024.24072076706,334008.88151472167,334026.5266012385
1970,346311.56995087746,346319.2350767801,346305.99876321957
1971,387887.9252071271,387884.95986100484,387886.0607644742
1972,331850.3795898743,331855.1454268448,331848.2044296359
1973,264534.39404155314,264516.856762661,264536.75974539097
1974,291938.9818388254,291933.0107397166,291939.2493413441
1975,420507.5258195221,420500.34987005044,420505.62740201515
1976,292587.4089747302,292565.8164196551,292592.43703228433
1977,342515.8979235054,342493.5545967786,342519.6237410471
1978,301971.70732378005,301972.1605213437,301968.88534371264
1979,298436.8980847236,298399.2876111,298443.7808705348
1980,191607.1190294393,191582.2759187402,191612.5824663198
1981,306998.2439605959,306995.17469179083,306998.05859828845
1982,228819.18131427257,228801.32435356884,228823.64577011054
1983,212126.57593285805,212122.0375858593,212128.83551771904
1984,184523.63413021434,184508.4491372382,184524.08149326418
1985,237556.0151890365,237520.90365973872,237562.35381699365
1986,236974.54926154413,236928.20094032062,236983.06506207644
1987,197517.15151112387,197529.06883665395,197517.7283737656
1988,181908.53304809635,181892.646736832,181912.3066249172
1989,207274.61228444264,207277.8027587497,207274.0977604267
1990,226655.76431900007,226658.18004619202,226655.98077028187
1991,222591.63556054095,222569.5719740569,222596.78960595012
1992,245926.72625312745,245930.48701230052,245925.44541543687
1993,188122.50292675314,188132.88047590374,188120.89898227423
1994,244325.07701152563,244357.34432733583,244317.38883594552
1995,198201.3165681248,198202.2635189098,198201.47431100637
1996,291899.2005842128,291888.0113113405,291901.48770514026
1997,285049.6730484937,285048.3039590303,285046.2414001789
1998,304279.0830841297,304298.6160353591,304274.9231625021
1999,262903.53603461804,262872.4803693382,262912.2633148151
2000,299445.84518059227,299447.9174793352,299445.27856433776
2001,263917.6262123531,263911.9384610747,263918.17382063426
2002,251575.5393525106,251555.05992401124,251579.99331641255
2003,258865.31894835597,258861.6682814603,258869.56169891788
2004,277155.52250135713,277156.25739736867,277156.95665337716
2005,229761.61616067844,229783.03460491018,229756.78057221125
2006,215900.8099247825,215921.23819289368,215896.22977955465
2007,260138.99274699902,260130.6605176631,260140.58260930295
2008,224410.0967504736,224399.79290476034,224413.5960181706
2009,195151.9381408419,195146.43519985361,195153.3557157867
2010,211510.35398177896,211503.29334968806,211510.22414317646
2011,153665.65508508752,153682.47601370665,153663.87776416598
2012,181962.05104170414,181965.92572076863,181961.85675659298
2013,172262.54150221124,172281.2243440881,172258.14362714684
2014,192231.57722678245,192224.98378903873,192239.55725596135
2015,203004.74518209626,203018.11350003642,202998.25176038023
2016,193138.92592184362,193133.3251323424,193140.66845782602
2017,205175.46402067016,205168.0554518524,205184.162574774
2018,110755.58218195476,110778.44982244249,110752.83939441724
2019,130279.69271334237,130318.15565771062,130275.3442039435
2020,80026.06377562182,80008.22100083542,80026.73714744335
2021,92275.79414499621,92298.82579999801,92270.50481474272
2022,193078.89043296687,193084.62225547235,193088.9766115147
2023,132722.50816258625,132764.87042402977,132714.90972639935
2024,274495.03952835524,274502.42541343917,274496.6200244393
2025,338165.3242614879,338151.1020352625,338166.91607095033
2026,182047.9764807599,182029.23634110705,182051.69279365835
2027,150981.69155195123,150958.96915313753,150986.0201934107
2028,168245.2785674082,168252.52455145505,168245.52896304952
2029,170146.75000180723,170123.2754963598,170150.16811344458
2030,262804.60057132086,262795.2379776867,262805.0898027698
2031,247296.72825640393,247295.4985019326,247292.25275827025
2032,235795.36380538042,235809.33786620724,235786.9794087942
2033,258084.0024435157,258078.82402255817,258083.91969114786
2034,175555.56348107662,175543.69431279541,175555.45329123258
2035,239086.62115855352,239086.0377124186,239088.4996602292
2036,225847.7171629325,225815.02434273867,225849.7156540976
2037,228807.7912841034,228779.4894263068,228808.61707160983
2038,293232.91548736766,293244.98382350535,293229.4366951649
2039,210035.65342861717,210042.9301493446,210029.22195011342
2040,342377.0138832922,342376.5484718267,342370.4130839292
2041,267768.641228274,267762.80278357037,267771.8544059744
2042,215372.76546140015,215385.00792189536,215371.30116293638
2043,172438.0352098404,172416.24939059617,172448.6445396525
2044,190943.73272741167,190945.87682361074,190937.6972001734
2045,211090.09318286274,211095.63601209887,211088.1037545876
2046,132299.426945213,132372.89915445552,132289.1490901882
2047,131975.13515613577,131989.14100871782,131967.66826469905
2048,135953.28672662517,135970.50016056944,135949.95938553347
2049,126530.13526706072,126610.97885097458,126516.55017141916
2050,180025.85513064452,180041.3884900181,180016.83182955382
2051,110124.43790233647,110112.2232119363,110125.66994935239
2052,130112.42672592471,130086.46090638929,130117.45982445439
2053,143841.8773448891,143845.06415689143,143841.03534424875
2054,67150.97281396412,67139.09103435266,67153.8000584332
2055,158055.93743160996,158038.81251319603,158058.37989558058
2056,145956.35399006656,145944.01091893727,145959.62527015654
2057,103404.81351093645,103429.78279503284,103398.0273336895
2058,216183.7947980226,216181.52495397802,216183.16049910372
2059,136215.85893472587,136223.10834081646,136217.91753097146
2060,192751.56885760673,192745.93157525372,192755.49335134856
2061,198726.22648676368,198730.33777021954,198723.82620364905
2062,115767.21942134434,115775.94447976572,115765.40126262617
2063,105935.9155232457,105916.02343675971,105940.9443158136
2064,125321.7714744492,125326.8452399188,125315.95223230717
2065,116667.45299107255,116658.93200719391,116666.09818595683
2066,186330.88915807055,186312.96819790977,186334.92962137808
2067,120189.09718765109,120183.79856152728,120184.05245790363
2068,131507.56931507145,131580.07126741146,131496.85693355452
2069,71416.44191385363,71429.92641996394,71414.11418755737
2070,98205.56434271787,98215.25373566512,98203.80616829603
2071,76461.66706533683,76484.2166547539,76458.43751610594
2072,146124.28243670822,146113.15875847114,146135.5985594011
2073,134128.64198831562,134128.44485539023,134133.73321596195
2074,185948.8222947952,185956.73613795906,185941.7153833242
2075,152465.0849839598,152491.0537848879,152459.67926728132
2076,122755.00350799062,122762.73484249448,122755.7816275236
2077,128599.13379863673,128595.98277957423,128596.68782167777
2078,107737.10866386094,107738.18317839701,107743.26223169791
2079,143310.62586534675,143305.16464563378,143311.5279571981
2080,125686.45129210176,125663.37933712441,125691.81781189458
2081,117170.51064583869,117193.69433659187,117162.90333413135
2082,104413.40037354501,104493.75168800086,104400.27357399708
2083,136601.26288164593,136605.27938683087,136596.13929164514
2084,96946.75561278872,96945.98761858989,96957.09490389808
2085,107570.04812714108,107572.71198572835,107568.71023157903
2086,156953.02952489816,156951.4087947741,156952.58262975176
2087,130165.59615458804,130163.73854811175,130163.93048414087
2088,103456.3507281295,103464.07317316497,103454.7737662954
2089,64664.82684545987,64662.61499468738,64663.92293505755
2090,119649.15816024388,119669.70927714685,119640.32637273485
2091,73016.30897435755,73084.24639063526,73009.75441946404
2092,148115.3382020481,148063.481357735,148127.10136846744
2093,131944.3782831889,131946.63206215168,131944.96017511992
2094,135237.18578120111,135236.916006429,135246.54920593405
2095,128659.25390027091,128767.89099443296,128647.20514896314
2096,80037.10929078702,80009.65690860793,80039.5422417993
2097,86574.18180342345,86584.76874840923,86571.44348883524
2098,140063.4458868967,140084.48717563704,140059.82600821054
2099,14537.714286931325,14549.793573051109,14539.35453257442
2100,45935.936687523965,45946.258492285735,45929.43456189113
2101,103917.45806219848,103963.01603630593,103911.66268193827
2102,148708.5845119271,148701.58795590547,148708.7784244771
2103,94570.06822795654,94571.11295564717,94568.75816927955
2104,138105.10520598246,138149.7563284476,138098.70488950715
2105,123099.07493242179,123099.0111863775,123096.31531329255
2106,23138.14728184347,23110.704300960177,23141.091761703254
2107,214405.84674020857,214363.6322235613,214411.6354495996
2108,124750.86915659672,124731.90317825542,124756.40756482014
2109,101581.26220880332,101603.57528615801,101577.52542893111
2110,131497.90962238656,131518.78158470162,131493.64048613177
2111,173259.78890808672,173232.51886044967,173258.9912535419
2112,129538.93946482195,129526.95735403139,129543.28647716285
2113,115016.48882741993,115040.7783036799,115010.05837367976
2114,119651.47190048173,119642.93907534552,119648.21161951649
2115,156728.71699202643,156758.00453489122,156719.9681656327
2116,115968.41593786329,115961.79405771021,115969.36154050136
2117,152950.99813447404,153010.35020474473,152942.535225388
2118,129084.83816104895,129173.46524243092,129076.41636842198
2119,108724.50211088313,108702.18306709442,108726.29653850466
2120,114196.46201399784,114204.78761285322,114199.24086711381
2121,85625.5467204696,85622.82257329265,85628.1414798497
2122,96214.28516307566,96194.20975882246,96229.96781256271
2123,99465.40140939853,99437.57520451548,99469.3862175335
2124,184306.0135387904,184295.0952237154,184307.3460037954
2125,134599.39111074852,134579.63965364534,134601.58964579494
2126,148346.08969538682,148337.53535360342,148346.117508978
2127,163974.04685012856,163971.49509896326,163973.2289289442
2128,135506.03202966508,135487.7615163232,135508.77930350497
2129,113478.42591312644,113450.57737977814,113482.11119774275
2130,130472.58763613692,130492.84228547581,130464.58157950768
2131,163123.48803441017,163099.47134139144,163128.21732028585
2132,128144.22219428257,128097.19578947697,128153.87168709526
2133,141032.6900349143,141003.99025707843,141035.21313296596
2134,134712.97229333315,134675.67653154873,134724.4739068182
2135,117627.71257793182,117601.67484430352,117632.09855580574
2136,21694.10955159273,21750.96010336408,21688.81290417083
2137,107460.4654537267,107468.76300497109,107457.17647627869
2138,135461.25044492376,135425.96468964743,135466.06197364407
2139,155316.95508753764,155299.5528403112,155318.85824022198
2140,139105.07521091425,139114.95213511435,139103.22671606124
2141,154141.9586634545,154138.44591169048,154150.62175206572
2142,120736.38827903778,120750.05811258557,120733.35550988012
2143,135651.55676298914,135646.03400116565,135651.7756635974
2144,94285.24871995184,94232.01592147944,94289.25809102005
2145,136578.2586888289,136582.68172114494,136578.42851056985
2146,184782.29888955574,184785.1310136061,184784.49958607706
2147,150021.2937963903,149975.99746175238,150028.5871133631
2148,156919.69815931912,156859.31466396188,156928.1200224884
2149,128871.73395114765,128892.39887562662,128865.69309602503
2150,229143.16035415488,229121.0834848507,229151.15653440624
2151,134487.4010542191,134497.4077163894,134486.9644225653
2152,167135.27728411765,167159.19336471998,167134.43588485394
2153,189841.5797523167,189860.1695971816,189839.72063429665
2154,96283.67344538122,96290.89791879582,96282.48484276922
2155,153107.3261117111,153128.5933477824,153100.11416058813
2156,268306.38132598274,268339.7648437425,268310.92812603933
2157,248915.83110525017,248919.0130121411,248913.40904584352
2158,231958.4258198368,231961.19837280212,231955.43952891824
2159,218463.66900386615,218449.26745096932,218465.1926141585
2160,185022.2781687656,185044.91959692992,185019.07743582397
2161,253964.16611936293,253977.00232392072,253962.84276649763
2162,365369.24992231023,365451.3037718724,365355.8032848913
2163,316430.1373840752,316429.65234597854,316428.19180812186
2164,247155.86906229006,247145.02883961226,247158.19201066776
2165,206543.4381083604,206512.02746145742,206551.03756796976
2166,152796.2480359818,152812.9469374033,152793.53788165597
2167,222240.6735144395,222270.41585632542,222236.33171069517
2168,198802.9258573067,198810.67717202252,198801.6680572211
2169,198548.89689085656,198574.21876853972,198542.06972169795
2170,217366.40840782225,217362.76278992055,217365.9425275632
2171,158695.79932942404,158714.30149853334,158691.84076289053
2172,133235.66802145587,133265.3716510079,133227.68171280844
2173,193138.70408557612,193130.92669490573,193140.8481564481
2174,241053.12366906577,241060.73164964456,241052.37561460945
2175,293895.1010520051,293892.6842627864,293893.24841034657
2176,286529.2968041976,286538.71629789507,286526.06613878685
2177,238586.9984523449,238607.49511424347,238583.76700209116
2178,230071.39447366446,230084.69056561857,230068.84687122225
2179,152628.37813326973,152625.00225829717,152628.99595291645
2180,242491.13785195514,242538.7939545979,242487.0016059886
2181,198962.05500204186,198964.45045839774,198961.14201783913
2182,227578.1475566998,227585.23054754816,227577.21863561764
2183,193362.9203751483,193380.4787613327,193359.9801959371
2184,129473.87522096583,129499.02808216668,129467.47318888188
2185,123623.2714757882,123612.56074824429,123631.05976575066
2186,167390.32046672865,167404.12095047545,167393.10848283197
2187,159674.12950079632,159664.74596053234,159675.44878394122
2188,162067.8192252887,162093.15520525712,162061.94230217824
2189,286732.31183287594,286676.77393183054,286736.64936857263
2190,57953.36235417705,58029.689709588536,57944.47562429018
2191,59569.694287686376,59644.608965768595,59560.91087423882
2192,48485.741802760866,48460.65457841952,48489.47740282852
2193,100850.77873810288,100870.71763573808,100845.90375377855
2194,97153.23614294268,97148.43630834541,97149.70790860511
2195,91748.18431798741,91751.22739380726,91746.31270100328
2196,76938.74218965485,76924.89341775805,76938.37880329217
2197,96795.91419122508,96811.14074206131,96789.34849908936
2198,181375.14248968568,181335.43238371972,181384.82476007857
2199,188839.19011618476,188880.6260393666,188836.9997468799
2200,156643.22951165424,156619.36947599088,156651.12765449157
2201,146317.80066453037,146311.02059680352,146316.6891562998
2202,204488.08788114018,204454.55211439158,204497.10802599543
2203,125501.97334168688,125505.80864646507,125500.02101377153
2204,149441.07564922678,149457.39745481394,149438.18090012704
2205,104252.9298562149,104249.62302979676,104252.25554880372
2206,148350.08104555286,148361.75697916013,148357.87276575656
2207,199589.25514499145,199603.81915588432,199584.28298322472
2208,254379.1299164393,254351.31115745672,254387.72375825758
2209,196417.59456467582,196426.7995462009,196414.2512611783
2210,131107.7380519195,131116.72670451563,131105.29410835437
2211,135016.27270537522,134996.0569299442,135019.73684239888
2212,119815.0463233355,119836.18260770442,119809.61881463823
2213,90105.7393638757,90102.71298554738,90105.84214639768
2214,134052.32304369868,134064.10332059732,134047.6732804341
2215,95970.09061414585,95981.9877692376,95967.1983903501
2216,147548.18557360093,147560.23258282652,147547.85037110432
2217,15971.570932112867,15964.824074502918,15974.364298062283
2218,74558.31501378492,74519.53396335512,74564.00200515788
2219,72965.35957818804,72962.13556003699,72965.41954731022
2220,45864.79674305697,45861.717567346874,45862.33710699377
2221,255844.95073876507,255842.42762113397,255853.61251030036
2222,241497.5243430331,241487.85022233299,241508.53340102185
2223,289594.23489625216,289558.4620890765,289601.6380476559
2224,229552.82271147054,229553.7827765051,229552.48837297258
2225,121815.75005353172,121907.26141898974,121796.50851256761
2226,189724.95178788458,189733.22904742358,189725.34029950656
2227,223262.81950140256,223233.67710116913,223269.07744787436
2228,269640.2445356441,269614.2860601285,269644.31183664
2229,237983.7465550797,238006.29355625983,237981.02122277988
2230,143737.31644912483,143737.4103488921,143736.3761366295
2231,204882.24530430627,204880.59937466762,204879.79459817905
2232,202720.62190527562,202706.46307678206,202725.20763080067
2233,188533.98393550818,188565.11513111962,188528.9832685726
2234,253010.77705508377,253005.1779173006,253012.66743184638
2235,215432.3751397743,215426.88178401988,215431.7447081724
2236,262150.570647856,262155.6023272708,262151.64658451953
2237,307478.3058660622,307493.86670729343,307472.4715970134
2238,240303.9653615749,240308.8603075327,240306.77425977855
2239,120862.31482493063,120904.14163466974,120856.38725261053
2240,167389.01494544582,167370.08548474044,167392.7353989865
2241,131654.47151945136,131628.5083943518,131656.60359726346
2242,111938.82105478109,111938.57905016083,111935.39307014516
2243,112280.4715585208,112298.0396083704,112279.1463961344
2244,90373.22027105372,90371.4597762149,90375.57763882645
2245,88254.066352444,88247.26334855508,88259.70791324798
2246,140127.67488150974,140122.60828779323,140128.65016194165
2247,120742.01439913083,120751.82821581687,120739.2776940657
2248,124626.1498144744,124654.49593749887,124630.8398120479
2249,115665.84921294451,115700.45172327117,115658.26931712765
2250,128201.55573304323,128218.84340515186,128196.97359359579
2251,103826.89757975051,103806.44720769639,103826.48104873684
2252,202553.6568162248,202552.92838176072,202555.1667687815
2253,161527.35120409005,161516.0024468227,161529.95444830402
2254,183776.76860521734,183775.90025900246,183776.64082123863
2255,210475.8616406503,210474.33066471212,210477.8161372618
2256,186800.36086869705,186809.9618553078,186796.1880561962
2257,202971.8611404954,203001.74201884062,202968.66467834276
2258,178489.11119145993,178478.70429738925,178490.47289027518
2259,185878.9946536359,185878.0721610129,185879.73451020417
2260,168400.28090880555,168385.56839848042,168405.02384111483
2261,196822.70877415524,196783.45989970572,196829.5799320814
2262,213025.21836938988,213026.98627278267,213023.79369420058
2263,311586.1809627712,311552.7110389442,311594.27423515345
2264,382870.3210157184,382924.7771045185,382859.11990086
2265,151942.93048919132,151887.17527642392,151943.4809717465
2266,261019.45326112118,261005.50787797652,261023.0581367832
2267,349936.3537310655,349971.0008822215,349927.9396885197
2268,352651.39417731203,352637.2846279618,352651.37825425237
2269,170692.37110489816,170679.36869964574,170696.98142329988
2270,205306.46586567233,205328.77965923504,205303.05708204967
2271,234102.5828972906,234099.10718023346,234104.0285794934
2272,242248.429166239,242226.1663011954,242252.73299895332
2273,174736.4715048666,174746.3276894138,174733.79867575795
2274,204240.69070425513,204238.9528157931,204243.52582379442
2275,179297.56427895813,179316.7849187305,179307.72278312978
2276,189070.1368555217,189092.55562295055,189074.6001955209
2277,198938.35758957616,198919.23448955792,198941.3813275952
2278,171572.20042241574,171560.9483135402,171573.17264452775
2279,102903.6430524427,102958.48132838064,102891.48205789796
2280,97689.93293788377,97711.90764804848,97686.51290029369
2281,166362.82259978936,166366.76304641098,166364.1985673426
2282,183472.81503459509,183463.7334188606,183476.23285751243
2283,126208.52586926986,126221.41617964639,126202.8270896041
2284,107501.79652373819,107502.27012052818,107495.99873035622
2285,150542.46614346048,150557.88148815872,150539.4089861029
2286,120299.87741066166,120309.51092723606,120298.2714361992
2287,311238.9442878277,311230.624174022,311239.4454579562
2288,258716.33434483875,258724.24116021174,258716.12042245
2289,309527.83163784025,309531.2211310548,309524.0769382544
2290,354190.2890951729,354210.7268804944,354183.7119538932
2291,296363.92211121856,296341.1749457399,296368.42308110243
2292,366559.150162844,366568.4668084368,366555.37014847517
2293,370416.24771756935,370435.4024778743,370412.0882381295
2294,326979.54956380255,326988.50278598873,326975.808826164
2295,400752.05576868984,400765.09515365085,400748.4012092961
2296,250209.57528286963,250239.75781563402,250203.7715431928
2297,286880.7228584385,286883.87717547023,286882.6704582366
2298,291254.5017876611,291262.8979671557,291250.263056415
2299,321267.626460633,321278.541581164,321264.34925098054
2300,300718.27275863267,300733.50935987185,300716.74335533206
2301,274421.0050887491,274411.62312344497,274423.42914743477
2302,253330.6002789887,253330.37308754993,253330.6818638175
2303,257848.23033567425,257831.57745074865,257853.20383478457
2304,238814.3634879908,238817.502851277,238811.58586505486
2305,193664.1033906676,193674.38549240713,193661.06880943675
2306,195422.0267019549,195436.49859977036,195418.3632046004
2307,202230.07674997044,202208.93593900173,202236.81140359107
2308,225147.62988533336,225157.01901496376,225147.26042408764
2309,271814.39866495086,271804.9903909218,271816.75928057067
2310,210292.68538656365,210286.66712300514,210294.5771379607
2311,219538.44911622116,219520.42358491907,219543.89249563462
2312,188284.1221251113,188282.9036207652,188289.63784406835
2313,177547.42213371606,177563.06984887354,177545.69890800572
2314,190981.48505715257,190999.5771549506,190980.26937750832
2315,180300.3187700396,180309.69157180574,180300.69722173957
2316,206172.91307114554,206130.9915071862,206182.77444374922
2317,194613.84700198728,194592.39445754315,194618.05375256517
2318,171811.3460734107,171819.75926703552,171808.39212784625
2319,192076.94927190547,192072.37730115151,192076.42497083626
2320,192822.4024546072,192825.2945316889,192822.24332389573
2321,256144.6673071317,256093.27852683968,256152.65914855467
2322,204810.1170942518,204806.64508833003,204813.3597523229
2323,193454.8868316654,193434.82973657816,193458.69092278217
2324,199708.08784099878,199664.7866428137,199717.24538659106
2325,209115.34964661696,209137.13050820108,209110.6704986001
2326,188198.54751462024,188190.52239166142,188198.79564652767
2327,211632.318964242,211643.72435983142,211630.68875660317
2328,225002.18795993924,225029.15842973243,224996.35286946862
2329,200737.5901763162,200724.19567090168,200742.2431017534
2330,194811.85547735821,194825.7182161439,194810.2716504651
2331,315657.63112540497,315678.32448727346,315653.78949279233
2332,349832.18895008136,349828.0974318312,349831.6806294414
2333,304531.9103467157,304532.275255849,304531.2969058411
2334,254201.72303566546,254200.80196396064,254201.55810091493
2335,272848.3504095967,272830.35610830283,272852.49052633333
2336,300087.6590692864,300142.0516101724,300075.2793020316
2337,193400.22235938488,193430.77815843106,193395.18166682532
2338,266218.3429721701,266235.4507663924,266215.7244923926
2339,242746.96356605063,242756.41943314497,242747.225047059
2340,364285.30350735784,364306.09784961666,364281.8754067457
2341,209792.2255358172,209787.2490097602,209791.09792245307
2342,250513.21291945502,250495.87121642486,250515.31535502954
2343,235906.46524672164,235919.92614005285,235907.62215417682
2344,233165.18085108255,233155.46693448175,233164.7795567765
2345,238922.12876259768,238925.1083968702,238919.2514030136
2346,209266.0947119638,209283.58844643307,209262.1159574074
2347,191385.89987279498,191403.57828272355,191383.4277433058
2348,236176.4535747231,236189.80444504775,236171.5885590437
2349,170982.68545635976,170965.3630926333,170992.24746989447
2350,270201.4692799994,270195.609332631,270202.72624758363
2351,237348.35997779504,237365.5341334705,237347.9027778149
2352,261006.33097672998,261007.42185976508,261007.23474522622
2353,251921.85539136245,251930.83044384897,251921.6012502265
2354,131613.96526808385,131656.28309270868,131603.42216751713
2355,146261.9158575982,146311.94194864144,146248.19401927025
2356,161177.48982614186,161195.62591819314,161175.1362381297
2357,210547.45095861214,210551.27809950605,210547.44905603363
2358,193212.1326705506,193224.56336438505,193208.46351053717
2359,131928.0501322213,131957.20730459283,131922.8589179787
2360,122260.27349412115,122264.60221617913,122262.01146395772
2361,141855.18176279776,141867.8082535147,141850.86774633883
2362,279382.0923606383,279396.68010105274,279381.77483640064
2363,149025.12488599517,149015.39888709818,149026.72009435168
2364,193421.71928464458,193453.28024742205,193418.17056951195
2365,227637.13459450402,227622.00965391693,227641.08714934287
2366,193861.53167969012,193824.73172582418,193869.86686279357
2367,220475.10152161005,220446.77117983822,220481.3108756385
2368,201638.64550532913,201631.5569807071,201641.45679630723
2369,210801.87847284274,210800.53090489225,210797.87303721497
2370,176112.2615753517,176095.25346419436,176115.99496778555
2371,151234.45779063925,151258.42472020152,151226.66561531776
2372,186842.6571735756,186872.69243780326,186836.63523185754
2373,277559.3447843732,277570.59101441747,277559.8695710461
2374,288970.2643137579,289031.5692043429,288964.1071094625
2375,234568.25652938336,234570.21017923777,234563.48966294213
2376,302235.4610771709,302225.3966910633,302234.1006341862
2377,319670.0871178815,319696.66422182706,319665.35804089124
2378,157671.6648684782,157621.14482083044,157677.6377202348
2379,238223.5760756065,238216.2232964387,238225.4761654412
2380,152204.7151116277,152186.51425552776,152206.2698284333
2381,180119.85216986598,180111.63299719046,180117.4146952181
2382,232769.53566233604,232756.22057374415,232772.80588602682
2383,226786.42192278896,226783.2743243837,226789.53441328963
2384,258692.76944931154,258680.40433353407,258696.42590297048
2385,174865.11873197276,174837.1035696197,174872.68300731352
2386,143380.79811797943,143381.75353910436,143380.64786440146
2387,127174.60586556513,127192.07997925708,127172.27621803421
2388,107725.04837586777,107746.06208691711,107724.89633042703
2389,129839.37305894052,129829.19430473715,129841.81650418241
2390,150704.95063436194,150673.2489618588,150712.09565947123
2391,131031.50626423955,131085.27477113425,131023.68859819544
2392,98704.06012314255,98721.64725756773,98702.06069765158
2393,185861.82077675615,185837.70993426826,185875.3865915913
2394,132625.69522550958,132612.66735046927,132626.22183744854
2395,208765.510610468,208797.98859783553,208759.68194237386
2396,158515.83054407616,158517.7142398724,158523.88198916626
2397,224521.4131878903,224538.6225689192,224513.99775499117
2398,128969.04803980724,128988.1621434238,128963.30240619287
2399,27748.947803778574,27751.790676265373,27759.205056178966
2400,32450.147882800782,32426.19483736425,32458.35243562411
2401,116899.36419347161,116931.86504055315,116893.78979756415
2402,148012.14592997357,147982.78683594114,148018.94476460677
2403,136125.3051690252,136203.747052536,136114.60351191892
2404,140370.5266544919,140339.01768054126,140385.7220341846
2405,168058.56553833256,168038.26269310492,168062.47896657384
2406,148731.92938101687,148756.04778993304,148726.9813587888
2407,123051.65313528362,123041.71970992105,123052.87237573264
2408,151624.18748386926,151621.3387825744,151626.79163805267
2409,114336.71291738306,114353.67896672024,114335.10958568717
2410,198234.66625951207,198254.13764428033,198231.80001192645
2411,113405.21201405255,113392.56241614267,113409.23967753642
2412,151197.75057569658,151226.60500003875,151191.68661135703
2413,116949.82253514719,116944.28106284619,116951.02695048007
2414,134639.6952791568,134668.0236931414,134630.6279209942
2415,128031.01560878917,128101.5255981147,128020.82366427535
2416,136161.90459731873,136151.49196745025,136162.03271850396
2417,126740.18301660148,126742.68939759757,126746.81326330116
2418,122086.9038355709,122102.99394978315,122084.4834615268
2419,109411.03519610921,109398.93061292649,109415.03891324869
2420,114353.01318407245,114380.74352534523,114352.37191477546
2421,130295.9585115423,130288.22135625023,130297.9890529163
2422,105477.28676666575,105487.69613602257,105475.80669238057
2423,108790.57992066233,108773.60675023904,108795.65781380085
2424,154002.23350685486,154029.8437931129,154000.36007752118
2425,233643.0200475722,233658.1438918697,233641.02860954788
2426,153048.7856926762,153006.2792361431,153060.9171070495
2427,112135.98351097759,112140.80961044959,112132.46563102806
2428,195132.4998134263,195171.9770292131,195135.37399533682
2429,104062.22936259443,104061.63304434728,104072.30020544038
2430,139609.1925554881,139619.44381405332,139606.47226254304
2431,100870.49981151824,100890.86885621201,100862.18386153353
2432,131515.13920479128,131517.29233340977,131515.41933248437
2433,137422.90427165362,137440.80915688013,137430.46885079693
2434,128307.95248372969,128301.47177590209,128306.33023794682
2435,149037.2690551523,149056.43570185674,149035.71648260078
2436,96350.54241627548,96339.0928587917,96351.42187339661
2437,99331.3272023513,99346.44385237817,99327.26425982604
2438,106991.2921753265,106985.82739217055,106993.17620505893
2439,116398.31251858664,116393.97938930022,116399.12027935113
2440,136327.6772415589,136326.4824830111,136326.1674140558
2441,103442.0704193553,103432.7983750262,103445.26111357671
2442,97152.75713182776,97153.48926418938,97153.06487304613
2443,137054.0712307645,137040.0291737042,137059.9729217355
2444,134587.9446765685,134579.6458163791,134591.45764683897
2445,65366.749022326665,65361.67313902022,65366.12026866095
2446,117279.10353988735,117227.11219159013,117286.11036187329
2447,208764.14965847926,208758.64278300328,208763.32475701266
2448,139490.1962665408,139474.8127254598,139499.80357072141
2449,108772.99932589591,108766.66647566378,108773.02767346485
2450,169375.16169605684,169356.63894875266,169377.82185592444
2451,121265.91842108895,121294.07515382057,121259.67461946083
2452,219376.08252762025,219348.3466617748,219382.74094464944
2453,80123.47009070474,80126.4897717546,80123.1265844634
2454,120863.44790755236,120840.64788886381,120870.82188033697
2455,146861.80407418706,146838.80675298872,146869.8565769099
2456,133384.83890729048,133384.00835700345,133386.1717109495
2457,120646.45754479012,120656.20329534647,120647.05201980879
2458,119936.18714442034,119950.36981222325,119933.86994918238
2459,94983.86887563462,94974.0865976155,94985.8453623493
2460,151783.03480982222,151762.129057292,151786.80470441224
2461,116573.91012054565,116546.0220732427,116580.38655591349
2462,126180.94313078118,126202.52305922576,126177.86758457136
2463,130071.51281892252,130012.14843024884,130082.33377411135
2464,178673.03540249262,178679.96263948514,178671.04038949602
2465,144613.18332122662,144598.1051342002,144616.44154621114
2466,102921.11792520713,102906.48370326695,102920.81564953981
2467,166554.39670616575,166532.86174306727,166555.90107778914
2468,82861.23652160307,82815.53474568913,82868.51708474278
2469,84494.56149884593,84464.62228258222,84497.37663193524
2470,199041.67801447073,199023.61159931088,199047.5900461563
2471,223548.05535440915,223610.20526542247,223536.22765956435
2472,186403.8242177805,186421.52368552552,186398.76735539536
2473,93242.63749008835,93195.2657204998,93252.8562207747
2474,65241.356317099184,65228.55570352089,65243.31650904764
2475,241048.2309211716,241043.09380951372,241049.4188457037
2476,92685.84303870169,92663.95670985931,92688.95862465922
2477,89635.36792174075,89609.43136928964,89637.90718494065
2478,164323.27154249628,164308.81749663933,164325.98694045993
2479,98166.91304067918,98156.10414196097,98167.90702692315
2480,130296.67316522496,130299.61789493577,130307.28093991487
2481,126842.42285455088,126845.52358611103,126842.16352877778
2482,115724.24030593224,115686.08753911022,115730.17584524408
2483,96277.24246043363,96303.32414926367,96272.03075137024
2484,139163.88314147852,139152.4488378606,139167.10142261686
2485,122785.78429573914,122784.3688495924,122787.43510957586
2486,141840.79238239885,141856.25830927782,141837.59891865042
2487,210777.82178321132,210743.65974221227,210787.14830730797
2488,177226.63124193228,177246.009091257,177222.9530055503
2489,160439.53008220904,160470.45310596062,160430.53990594775
2490,148834.77764039952,148860.060443699,148832.90554697125
2491,83430.72995645856,83422.27476657706,83430.77198732353
2492,196493.73934034538,196516.66297819733,196490.40243039245
2493,150936.7954297089,150940.09246189275,150936.92185577645
2494,156631.56984509737,156639.37053010997,156630.76644745364
2495,85478.12700293423,85486.15295632591,85475.26493007725
2496,236672.32972444245,236677.96579192404,236672.6459628247
2497,156038.34436309757,156066.97625846195,156029.03247957292
2498,95984.05150965205,95991.22842987033,95991.78718739527
2499,69131.42949341936,69156.13979811489,69124.8302169278
2500,115778.51624426758,115786.16380537243,115777.37687862886
2501,130660.98382138344,130643.02983521542,130663.93027499237
2502,145800.19146446604,145819.34632993687,145797.0297907557
2503,76463.09871049994,76441.55424687115,76468.27346162556
2504,181717.79060317273,181752.25438281044,181714.84488156263
2505,230643.12109722942,230639.37100121717,230644.8728653466
2506,261232.57260822598,261247.19318855985,261230.79430670885
2507,276934.2977641404,276927.08959397825,276931.4716213279
2508,261679.79243544512,261694.9706451922,261677.8968859833
2509,229966.35697298846,229964.27567642753,229966.60551531694
2510,234702.24774803175,234727.3859816069,234699.70246540697
2511,197215.0370236903,197214.69272880338,197216.48995954485
2512,208745.47845415282,208762.15315707296,208741.3930352478
2513,241476.76637499384,241489.5686298496,241476.39202509157
2514,272686.46905689174,272667.089853482,272688.1375319649
2515,138247.81334937387,138281.51255621423,138250.42898347077
2516,178159.026204695,178156.73512849875,178160.33664299932
2517,141169.79356068792,141203.11284983426,141166.08708470745
2518,148176.76132286317,148189.2327874141,148172.11683820013
2519,221110.5946055341,221146.91417392215,221104.93706516002
2520,231413.26258056122,231418.13692774496,231414.95922724775
2521,198415.18822483928,198422.29562424717,198413.76963117777
2522,236971.11830915604,236974.25136810762,236971.57599727937
2523,112488.18396384409,112503.48777640087,112482.60765722243
2524,129465.91132488335,129451.00858825224,129469.54022846802
2525,134447.72871922236,134452.53847547143,134449.08580422436
2526,120530.49558672123,120583.34068357933,120517.80554115318
2527,107919.59465760202,107937.31084972166,107917.70024076209
2528,113262.45062309201,113283.74552590272,113256.20585112472
2529,126998.748164922,127016.92666460702,126994.97275132302
2530,112230.13507023035,112286.74743777711,112219.35625339544
2531,255479.41282668803,255501.57901975687,255477.48057502217
2532,231275.24006224656,231286.6462037341,231275.46453493915
2533,216211.5174379514,216228.29849759128,216207.46191396576
2534,250615.51792026544,250631.2991508051,250612.0586081784
2535,287433.06585606025,287468.23119583086,287425.76667493174
2536,251723.59635782265,251742.56327493454,251722.46975273
2537,252420.3738541247,252433.04561784712,252416.49814211426
2538,189247.5388039807,189255.73334188375,189245.54551527638
2539,206272.7978412921,206274.37712642888,206273.9832437887
2540,178824.64144930756,178835.16889187868,178825.35105718707
2541,196549.71276245476,196562.3741064932,196548.62358446617
2542,153069.91343644122,153075.88778697432,153068.99965186568
2543,124510.07529757661,124532.15259124583,124507.31772122381
2544,109827.57728318451,109850.63266193972,109822.6246961538
2545,144899.4630529671,144864.25253548252,144908.80478225474
2546,152425.1479415947,152428.87274281506,152424.1520353778
2547,159478.49023462762,159459.2079451735,159483.4675506138
2548,158037.97292062966,158129.33377630787,158024.40258805978
2549,160924.46769847698,160923.1514424294,160926.2066261134
2550,632804.8043779884,632739.1542432696,632814.5946234778
2551,142507.15077062487,142490.46532893053,142508.57208983006
2552,123408.12800560123,123439.10495702957,123402.99601900938
2553,52712.52090050094,52789.573325660895,52702.68620516325
2554,85064.19117644569,85146.72735375597,85054.12626135198
2555,123209.58135091607,123208.40075456246,123211.40756120638
2556,78289.92301153345,78332.21976519341,78284.5188670851
2557,102958.08009298611,102948.08082340809,102959.86555474659
2558,168203.69441866758,168254.09382297785,168205.08189056523
2559,116292.65529973037,116295.46014510666,116290.03305959061
2560,168177.05705087003,168151.39461081533,168185.6677205892
2561,152035.6560332179,152023.7381147003,152040.49962305755
2562,140631.46811369457,140614.61676029663,140635.5933966505
2563,138244.28440360585,138264.18444848538,138242.0220230521
2564,192634.22806433286,192606.12159407057,192636.36249694636
2565,141757.46095012245,141719.85068961896,141760.637854393
2566,113496.86482068291,113496.5098735533,113497.96068056708
2567,98154.06032253127,98126.67647772364,98157.10722195392
2568,196469.79678565892,196546.77584191773,196453.74085804855
2569,198988.35505006136,198987.09278445377,199000.44985067577
2570,130948.14038284589,130957.50443115633,130946.10887540819
2571,156731.55484063434,156750.4221204297,156729.4439763053
2572,187973.57285250118,187960.87101406103,187974.60316266457
2573,236644.87415812188,236662.36264668743,236645.08742577105
2574,272916.0410120797,272921.35899344983,272907.8522263238
2575,136605.15295468923,136622.568720322,136601.82180654386
2576,128173.15640051733,128181.18552966684,128173.60189727496
2577,156718.28014779277,156733.7497477621,156716.29829108284
2578,86176.41677102959,86149.47776093066,86180.43095359218
2579,20355.90747301979,20352.15708047559,20358.54891142028
2580,99748.022649572,99824.20102536085,99738.04852886859
2581,122620.77139838599,122638.59530584596,122618.69973559759
2582,127332.22971764393,127353.85284515226,127325.77969140036
2583,268992.2186638664,268984.89868921565,269001.9813636177
2584,183099.65526192216,183085.85911348753,183105.0781218029
2585,188163.0049362043,188171.63249084807,188162.17686562252
2586,236497.58468737034,236541.4348847057,236487.55295330484
2587,221129.27696585841,221135.5449735691,221129.37448648608
2588,142257.61572616268,142175.07078485622,142274.33296796994
2589,159865.64035569062,159860.25057592324,159867.60669017036
2590,225674.67309590755,225667.50417329592,225678.8404597583
2591,257789.59256829275,257778.05212033459,257786.61673082982
2592,220600.09660040285,220595.5198495431,220600.9824611469
2593,273014.59214262874,273015.51663620013,273016.0497889825
2594,196588.94007131783,196582.83074792929,196599.5667303932
2595,220612.87216130947,220626.4961772688,220610.58465273643
2596,321339.5028234492,321335.1119838635,321341.1547438024
2597,192891.39779060055,192895.5171147628,192893.12381458574
2598,268065.7795823207,268047.9636056606,268071.60927197465
2599,314084.7574426087,314093.5373506228,314082.66487295285
2600,161154.76665773964,161067.88670328737,161164.73373568535
2601,155934.3745911778,155911.1210741616,155935.84220613807
2602,54323.57350735413,54340.69740683457,54316.94550164079
2603,67426.92673498811,67417.60267426597,67430.03821497166
2604,60400.285399069544,60425.644550799974,60393.33981073706
2605,54413.48506163526,54421.42063799815,54409.23616784427
2606,147738.53995721205,147751.7791104553,147738.549192862
2607,224260.4083974494,224246.76350598887,224264.7809607311
2608,213891.34702428128,213946.8173472794,213879.5593209864
2609,169142.46145927906,169155.34135951137,169142.0219185081
2610,100006.8713278526,100012.08104068309,100014.46778237715
2611,128947.92947997665,128981.75667272613,128937.78966597293
2612,160495.49562226655,160504.31791595428,160490.10751299106
2613,135166.8662178854,135186.39260455163,135165.68838202034
2614,116493.72512468672,116520.21040194586,116496.83932598901
2615,171702.37652093708,171669.98239383276,171708.89893991535
2616,174486.98713151156,174499.05990197847,174489.4565323015
2617,192486.12248304416,192509.94670799805,192477.1048346319
2618,233726.75599164166,233741.48288205417,233724.5092733273
2619,235449.19571446418,235423.20491110545,235456.4828422611
2620,196974.69807403046,196980.29997996462,196975.54479351908
2621,182943.46172903525,182947.64727732202,182945.15843563026
2622,194932.12307928642,194947.80907111883,194931.3919962704
2623,242093.72302665422,242133.0656772008,242087.26867285988
2624,292451.1706231863,292421.14155248145,292458.5687452367
2625,259777.69974268903,259759.86252075026,259774.581966953
2626,188144.69577571377,188144.14237082133,188156.3048883091
2627,181912.92523549288,181895.57806413027,181914.60976456
2628,381666.65123307705,381622.2282335999,381677.3221383147
2629,385560.0008334364,385572.294205875,385557.9399559336
2630,316853.3667095185,316842.8323553902,316854.3670730706
2631,389219.2269976083,389195.30042612075,389220.34154343035
2632,343480.0828374338,343461.71229752,343485.4963821141
2633,281916.8335554311,281896.07690669957,281920.2929707415
2634,345528.35713050165,345529.0551558634,345525.7282413329
2635,170989.4734368401,170993.75864247803,170990.14420738758
2636,206251.92507625022,206256.87878379517,206250.6839877268
2637,193920.56011501653,193934.3026276814,193917.87989355775
2638,258220.74126016325,258230.93828259816,258222.19515448145
2639,208500.03252044623,208478.9735869685,208508.32648832875
2640,169529.1110749389,169532.7071102754,169528.15179687494
2641,87782.85438527889,87801.34548950975,87788.75830756885
2642,186039.06090084463,186045.20230161597,186038.14014862909
2643,123870.37148166378,123857.90824832034,123867.68017020484
2644,129947.75646398636,129942.6751895455,129946.73700183665
2645,117594.02372934856,117600.4149125911,117589.58955444617
2646,112723.15687356656,112729.01700556988,112718.6850770259
2647,124484.63917941414,124501.48105206655,124476.67889764451
2648,149830.45868095546,149822.92869899736,149841.66422106454
2649,153138.8430458533,153147.62515535636,153139.82994307845
2650,151018.67920784745,151005.05302188185,151023.56821451907
2651,138178.31473272294,138164.8364533704,138179.98595831648
2652,345177.12363802525,345159.22317868087,345177.83448635077
2653,257244.0290419797,257248.89331489836,257245.20124561724
2654,231418.5659449587,231416.9298339939,231418.0513916664
2655,344552.4060279876,344579.8264444949,344548.8715122187
2656,301855.35830677836,301836.98068392056,301857.40496897756
2657,309775.70946776355,309776.3929282491,309773.7520128534
2658,266407.8575904048,266426.7268157081,266405.19658627256
2659,278484.3215551744,278474.40804910276,278485.53504299873
2660,302323.82557164296,302303.3519510719,302326.52753718186
2661,316167.3701000337,316179.55261586595,316166.66751843423
2662,327783.75672073197,327772.7824109449,327786.16591572936
2663,286869.4612597702,286845.8065050397,286873.6061495909
2664,263191.3588450877,263176.53503312904,263196.1655710506
2665,323263.36427326454,323266.86426099937,323265.5707902772
2666,278984.2694280313,278971.95970257174,278988.41116606037
2667,181686.20024146535,181678.14749837609,181690.30837466742
2668,196739.7645605218,196726.6507955381,196741.30254266073
2669,176915.34965119488,176914.67865684454,176916.30394975177
2670,277781.6332106849,277777.22824806033,277782.2558866377
2671,198014.01810450153,198001.15870485373,198015.31103049277
2672,204682.30973689863,204649.06777011824,204690.4173747626
2673,212269.50210257573,212252.23430946388,212273.72071200272
2674,225049.89911289397,225009.12959827099,225058.0738141361
2675,175023.88765785284,175002.78174569935,175028.00879930344
2676,203240.01882808004,203248.8303639536,203239.27046076476
2677,213729.38168127066,213725.9458042035,213731.00749028486
2678,254199.34594787424,254187.50340554223,254201.29832480254
2679,273402.87154816533,273412.11043189873,273402.5978602489
2680,283099.6813741457,283091.91993783845,283102.2848116908
2681,365184.23303947435,365196.06564905646,365181.4770864168
2682,308873.9445759547,308897.66984587803,308868.5357394797
2683,420542.3310530542,420555.4685657184,420540.6643266777
2684,303882.9048447686,303876.44117108954,303884.960670903
2685,325027.12204922945,325028.43066819606,325025.2281420381
2686,254150.89665143797,254186.6386529276,254146.67256101838
2687,284556.6371526811,284586.0243344981,284549.7393147241
2688,230101.29890196817,230100.1324134596,230100.830846544
2689,210982.09361975105,210997.77887301298,210979.6538451881
2690,358138.6524889979,358091.6998432324,358145.5586971835
2691,184513.6738110329,184533.7970614793,184511.56050924014
2692,129139.98941856087,129193.7006221594,129128.09207073657
2693,202136.95457319403,202156.28012364905,202133.76104413916
2694,136229.63493615272,136272.94607253803,136219.46728398034
2695,214823.32227391656,214819.89233594516,214823.94067643734
2696,199958.77021383191,199961.540554813,199958.00697293424
2697,189632.54577763728,189658.6477689637,189628.60059461382
2698,213255.65112420171,213237.68416954426,213258.48799952317
2699,175965.23161914106,175943.90069241996,175969.68292912107
2700,150478.0702991751,150466.84979692835,150480.12106428563
2701,155444.04456857918,155452.27157799725,155441.66376914538
2702,119125.07010503695,119105.72328632267,119130.06285917864
2703,153135.9147544899,153203.89554981107,153126.72724607505
2704,156193.12879472622,156221.41614659468,156188.90023146092
2705,102632.97595135798,102664.94363018905,102625.8617429625
2706,102197.36921017477,102228.78403262247,102190.78623049066
2707,136600.60310586332,136573.65105012746,136607.3145835019
2708,111218.93212702544,111254.2862101536,111209.12650506466
2709,99850.98596965102,99873.41068079381,99846.95358984836
2710,117097.12027492141,117127.75704655924,117092.6996750544
2711,279804.3011587458,279760.2718831423,279835.40135823924
2712,349964.2272110118,349983.38534768426,349964.8791589512
2713,174897.16573299258,174915.43773213204,174892.60254085262
2714,149972.28295106604,149988.5738832414,149968.17307264812
2715,165969.88241475564,165977.7564461202,165966.99532822182
2716,141739.66546723596,141741.49853896385,141737.57982613926
2717,184405.24355613976,184450.2812800893,184398.48507624667
2718,223652.63391871867,223678.20664109185,223649.4149412756
2719,142924.0868659888,142865.48910575395,142935.12096383644
2720,220177.16119857854,220139.24269577127,220185.9706370508
2721,134496.2353021435,134482.13990939863,134498.66918346717
2722,173696.26370498398,173705.4218986557,173692.86781152955
2723,174090.28159508016,174109.76126910083,174088.69874987507
2724,110637.3258695146,110628.69390544842,110638.90017907007
2725,128572.08063523052,128574.58116947988,128572.44195749064
2726,128359.0137845052,128376.81172595976,128356.91073377768
2727,173691.21427529445,173674.3913387399,173696.28698323166
2728,185264.0632687437,185245.95641858468,185264.4352732011
2729,131974.16768578696,131996.23059522605,131968.75069074135
2730,142874.2611823026,142863.85325623944,142877.51456340926
2731,134819.17149177357,134813.86446607497,134822.81655799027
2732,117167.17624062975,117174.68601794296,117168.66511159425
2733,176717.11357572232,176712.8330467384,176718.74597836274
2734,167653.4989989784,167629.38437737396,167661.78045829048
2735,135348.17291298043,135326.69035407936,135351.73736129596
2736,140873.75602822495,140882.88509558153,140870.7945407956
2737,112754.26970495866,112771.86952252814,112751.35144366778
2738,126916.40802685823,126997.09694827406,126905.17498522752
2739,161705.88753528846,161694.33880838624,161708.3589138022
2740,153095.29590403056,153077.9639437109,153097.87802273466
2741,126103.09276172938,126130.88231274148,126095.55260999419
2742,180282.60576734645,180274.0841250493,180280.46338722657
2743,147744.2623689263,147738.0102340096,147746.61004077236
2744,164599.76951929694,164634.3412958075,164595.53559578152
2745,160345.90539954323,160351.8398685708,160345.12566314114
2746,125656.41441947245,125677.15676425316,125654.30664871109
2747,172988.2602046188,172969.21420643653,172987.02790362586
2748,114365.44310258748,114362.81174749474,114363.57302566303
2749,134535.271301321,134553.8876316793,134533.90884596983
2750,114307.81359216012,114296.14776253572,114306.41166259127
2751,128463.27746163448,128476.632430378,128461.79248226096
2752,224592.9151894832,224555.3606245314,224596.9109031068
2753,171590.9614808925,171614.32186535175,171587.749687472
2754,230263.42940559168,230220.3662602516,230272.1338620562
2755,132571.39091848675,132574.75076225412,132566.87457808794
2756,63061.07603491214,63083.38431233552,63059.35009371012
2757,47152.34202029393,47162.121486710734,47151.20919493621
2758,70114.9365011123,70107.7799935966,70118.87448316964
2759,166659.58514119196,166638.71876119042,166667.37805638125
2760,105268.7435270003,105286.21349303739,105264.43160278734
2761,147636.95426949533,147646.51608721924,147643.58155059337
2762,142629.7662187817,142658.8496401728,142619.12928569352
2763,227982.39011968602,227981.54226965958,227985.0377736363
2764,185734.1832339703,185716.64107744035,185737.09399788745
2765,295088.3318759706,295043.0090720606,295102.13423035655
2766,111550.0604750805,111603.16641074244,111539.04730377055
2767,47928.036225045566,47981.49641511694,47922.30389035388
2768,102826.84461544873,102914.87599051243,102815.28032025544
2769,120867.32475649077,120892.07668188668,120860.74872912758
2770,170185.97993528494,170172.61827361805,170187.66335825727
2771,98847.27375720395,98863.77630366047,98854.10792976047
2772,84081.62639633985,84057.6464023554,84084.53978838597
2773,140718.4098576971,140727.36203345086,140716.98093266913
2774,151312.74947253033,151297.39209013723,151317.40027585847
2775,114291.74718500045,114279.44525060116,114294.39332589286
2776,156150.18663199246,156115.6978306278,156162.94593795657
2777,165063.04026619927,165034.38025486085,165066.91770170408
2778,137147.1995363396,137147.1894268921,137148.92704684602
2779,96338.71956810914,96386.68360035622,96335.13421993575
2780,118819.76065022056,118812.16560849838,118819.88230060984
2781,91042.21554147336,91032.62998878013,91044.31453957071
2782,77554.46808923804,77577.37994212296,77552.13950523955
2783,83115.89669353282,83090.22423595411,83123.20460134686
2784,96385.14543878683,96349.83358011383,96390.40877017111
2785,123097.55067286012,123101.43869282224,123092.85211427172
2786,37821.241249366896,37797.442830586224,37828.664544107975
2787,117921.91070894501,117945.20899706625,117914.07076815481
2788,42331.51816654275,42320.33692511835,42334.14690547215
2789,180275.1262959214,180257.4396714341,180275.91833887238
2790,100102.87533789547,100174.58609218535,100098.53954766074
2791,104352.1262776677,104347.01215003023,104352.12233406061
2792,36120.292720041936,36107.4096038969,36122.55651899276
2793,181823.19318895205,181799.99415611045,181829.8608976741
2794,65009.83881619596,64985.068172178115,65016.2909479168
2795,115347.73498046026,115344.3003532762,115349.4648128479
2796,80488.32055642805,80491.65774805809,80486.67250054993
2797,208073.11074234569,208082.41837417416,208071.88294543757
2798,116741.63480622997,116698.3320124679,116750.40814649721
2799,118089.99574035406,118095.06290941604,118089.86466662318
2800,61908.74988520867,61907.7291716059,61907.64707359846
2801,111596.2466016307,111603.02905420505,111593.67222853901
2802,132715.95153256436,132692.1223479925,132723.08132102073
2803,159574.66547946236,159659.0428002224,159562.18348888645
2804,142836.47896206914,142807.580663022,142838.73589831137
2805,105586.57964712894,105573.22739384661,105590.11872212205
2806,70654.29475280503,70655.5380236326,70653.48855393019
2807,179350.04283607472,179369.315460286,179349.25274449296
2808,154329.7554460375,154347.447941271,154336.3560663733
2809,121848.63305512257,121852.12464101205,121856.20599675004
2810,128108.39062017761,128106.0891452356,128109.8555504157
2811,176986.12861309783,176983.7200170533,176984.18115424283
2812,172434.96689211624,172444.52149928396,172434.6348634808
2813,143941.419434889,144042.60420421662,143924.80766342033
2814,146609.07575934194,146716.951838764,146590.9825351186
2815,91561.62724000821,91567.98578059452,91562.32174777251
2816,247245.5311762723,247266.08491827978,247242.9260217353
2817,155990.087925727,156005.94533977413,155993.3402013831
2818,122673.28559012385,122667.48873357486,122675.63123719941
2819,189679.50692963996,189660.97458833584,189683.77632713097
2820,122586.58607689198,122602.53818757657,122579.80965595774
2821,108203.86390877725,108223.72109803639,108203.6081267473
2822,194074.55647185934,194042.4674849828,194081.89961812797
2823,294061.8558934557,294138.2095411179,294050.80051949236
2824,165162.76638359088,165181.49249066424,165168.173334482
2825,174851.82222760003,174866.80716957047,174848.82035360497
2826,128890.79239785206,128895.07054389047,128900.6352817457
2827,125812.4055390954,125839.37193649623,125801.21544491977
2828,238668.3784286729,238685.51288890967,238664.22399712715
2829,230683.06834323797,230712.14028700243,230685.4852297349
2830,221324.0110824469,221319.34977813868,221322.97765308467
2831,200280.03241650062,200301.69596353488,200278.30204824556
2832,239610.83108658344,239617.7219049473,239611.0444371904
2833,273808.4878567422,273795.7212370002,273807.38688517024
2834,215199.1127686384,215209.71370760247,215197.49806525197
2835,224049.92857900355,224067.51407932478,224049.84068401286
2836,209737.06931665284,209767.98723884101,209731.5771604943
2837,180453.9390117433,180436.73519873281,180459.65490051883
2838,133728.0685487797,133749.4024384633,133721.29728284024
2839,180641.22061303305,180665.0298755978,180637.8617377387
2840,205489.1923874938,205505.01541710354,205487.45796288585
2841,208705.03979615332,208723.50212614925,208700.24605490908
2842,231217.35168057773,231230.8974215415,231216.0461430737
2843,155122.33657297073,155166.85151926836,155110.50435637368
2844,183205.44374857005,183184.74360626016,183216.18844480312
2845,112493.94930221234,112527.76574521896,112489.02174358803
2846,215762.13712272746,215803.40153756423,215753.12254087452
2847,213118.5092330284,213126.27850926912,213120.05549883202
2848,243158.383563953,243162.88153827528,243155.79384020704
2849,204499.444208947,204511.5479118029,204496.15314273292
2850,294450.74064920587,294436.0143442588,294453.6538903919
2851,228182.23960890318,228184.29927988432,228181.77256000543
2852,250959.94366788818,250935.45642893703,250972.55909779447
2853,231860.6751630418,231875.8241322065,231859.4996548338
2854,159155.06127682165,159147.6676766096,159157.07381182013
2855,218194.38870763686,218188.62512002967,218196.9942762825
2856,202546.6741668454,202562.18514046085,202543.6818010531
2857,194179.23246062594,194207.57092205493,194174.22853615333
2858,214610.09681276674,214613.7406228833,214609.68091229734
2859,115051.14979837462,115017.27928123495,115059.38240686723
2860,124892.3983051246,124787.01981441316,124923.26337573992
2861,141678.24355165497,141689.05158335937,141676.28092861816
2862,219111.4366354379,219131.9787851771,219110.3354248443
2863,138730.27903980506,138768.54683088313,138725.2883078073
2864,246634.085658564,246637.31738050433,246636.28124596563
2865,143833.6461148942,143818.44964775292,143834.27902193984
2866,187923.56318808207,187907.37815769867,187927.18071034306
2867,69190.6269112851,69200.83324906824,69190.78071734693
2868,126566.56485485937,126527.21192888718,126574.03473782737
2869,99963.27017987915,99942.66710528114,99964.18899398774
2870,131796.7893169606,131792.4297375317,131807.4468645387
2871,77922.07801562827,77922.79108090012,77923.91477192834
2872,-963.9045215258375,-962.4279709852999,-961.6542805194622
2873,82062.4290108548,82076.4780467652,82057.59705604089
2874,135892.60199245904,135864.62944018736,135899.38117217517
2875,114751.2515692634,114733.70866983745,114753.30298226385
2876,186785.85574121517,186817.2799820475,186784.07737716974
2877,131676.72064061183,131677.30575422116,131676.1444605292
2878,152309.50705396524,152321.71555502235,152304.67237605213
2879,125136.05340786534,125143.90344845073,125138.83831296081
2880,87335.24338170118,87351.4988885686,87329.38402884372
2881,139987.46799846482,139996.6788744639,139983.36241732992
2882,154552.46888571954,154565.2807206869,154550.10672345676
2883,188287.32884621108,188269.48781080602,188291.59459641285
2884,203190.56744667306,203160.70316035405,203193.94356103975
2885,167246.38976358948,167208.17210301838,167249.50957169372
2886,227666.12438613432,227667.81637548644,227675.5061635553
2887,115099.01000459515,115070.97789431771,115105.40886560071
2888,142533.8754592538,142517.84645552968,142544.918748933
2889,37913.185271048686,37917.260113831726,37912.89446820726
2890,55378.526774093276,55387.10955740663,55378.34339349007
2891,144433.66510486742,144452.26794994378,144432.39400964312
2892,34548.21560008451,34540.70832812821,34550.31881426636
2893,70986.23930556118,71057.53452716942,70977.0411448233
2894,39113.795785483206,39092.87179517036,39119.93805914943
2895,285084.2544352007,285073.19468149834,285088.46550811606
2896,260498.22953720717,260495.54675930424,260507.24894059252
2897,205173.6248435271,205183.6111227699,205181.8124546198
2898,164199.1468307164,164275.79844029376,164188.9962887928
2899,224065.16399058374,224064.07072662993,224065.3013068909
2900,164548.9417755243,164504.34060808632,164558.51538930612
2901,226394.4825081951,226395.45076671347,226396.3552863974
2902,200421.010943986,200421.50509342935,200421.88861699833
2903,305392.11267873016,305382.24642102316,305394.6612237996
2904,324596.6660738385,324572.53061977087,324600.26894085517
2905,43336.77949559642,43328.85803158337,43333.421157356235
2906,241120.70546505298,241130.55155488255,241123.56046559138
2907,95685.59497006284,95719.84872621263,95678.57838466356
2908,120401.05884273513,120419.18786571978,120399.04621348472
2909,144815.284934232,144913.43264815665,144801.81935522368
2910,52290.72192807915,52278.3119197482,52295.747273033834
2911,54758.233864331385,54777.00961921003,54751.72031425021
2912,160289.28478028183,160280.05024099175,160293.98321713845
2913,59489.12268468854,59509.23117827729,59481.47397727973
2914,46502.95126455673,46521.98540749855,46497.616687063244
2915,56136.118716173805,56153.54965262965,56131.85645991273
2916,63468.17780478462,63477.89640452631,63464.21274040372
2917,168777.17728135828,168794.1304835264,168773.52661750012
2918,98922.34909659228,98934.19200548308,98928.72035157925
2919,250496.58650660212,250484.309070391,250497.4197871337
